Time_submitted,text,Rating,Total_thumbsup,Reply,sentiment,topic
2022-04-12 22:13:22,"What is going on, Spotify? Nothing will play no matter what I do. Fix it.",2,0,,negative,2
2022-04-29 08:49:34,Lots of bugs in the latest version,5,0,,negative,0
2022-03-23 08:13:13,"Damn, Spotify used to be an amazing streaming platform before. But now, I couldn't even play musics in my playlist at full length under my command. If I were to do so it must be on shuffle, what's this? Becoming more money hungry as time passes by? Or yall just really want to receive 1 ⭐ ratings all over?",1,2,,negative,3
2022-06-15 02:39:28,Never have been annoyed in my entire life than while using this application,5,0,,negative,0
2022-04-19 16:40:54,The app recently is giving everyone i know on the app no matter what service trouble. It won't load properly or play music. Downloaded music has issue and it will start playing but won't give you an option to pause or skip or play. Its has the app open but no song actually playing. Plz help,3,1,,negative,-1
2022-06-17 11:10:54,"The bloody autoplay feature just won't stop! It keeps playing random songs I don't like and didn't even added to the Playlist despite disabling it in the settings. After playing those annoying songs, ads roll in that lasts for like a minute or so. Instead of putting me in a good mood, it did the exact opposite. Don't use this app unless you have the budget for premium subscription. LISTENING MUSIC ON YOUTUBE IS WAY BETTER THAN AN APP LITERALLY CREATED FOR LISTENING MUSIC.",2,0,,negative,-1
2022-03-30 15:00:00,"One of the most annoying music playing apps ever, why are there limited skips, if I don't like a song I cant skip it if I don't have enough skips, also if I search up a song and want to play it I won't let me unless I add it to my Playlist, and even then it won't work because Spotify adds songs to your Playlist for no reason, which wouldn't be much of a problem if the default wasn't on shuffle to play music in your Playlist, this app is way to complicated to use and I would not recommend at all",1,2,,negative,3
2022-06-14 14:32:36,Just want to say I loved the app at first but now it locked me out of all my downloads my library a my liked songs my artist that I download and it's not playing any music now I just want to know what's going on?,1,2,,negative,-1
2022-04-11 16:16:15,Update Extremely Bugged. Please revert to old update. Search bar isn't formatted and is cut off. Can play music but doesn't actually visually show any song was selected.,2,1,,negative,5
2022-02-24 21:27:24,Its buggy as hell. Random pauses. no control panel to play/pause. Its very frustrating to use and navigate.,1,1,,negative,0
2022-04-15 10:05:20,"Bugged since a few days. No longer showing what is currently playing (in-app), no bar in notification area and doesn't stop music after a bluetooth device disconnects.",1,2,,negative,2
2022-04-19 04:38:38,It's good untill you go pronium then if you don't pay you can't usa at all sucky,4,0,,negative,4
2022-07-05 23:28:28,"Right now as soon as I start vacation it is not working, not loading. I've uninstalled, reinstalled, forced stopped, restarted my phone. This is beyond annoying!!! Edit, got a new phone and app still not working!!! Everyone else in my family plan has a working spotify except myself and I am the plan account holder.",1,1,,negative,2
2022-07-05 18:47:32,"Everything is almost alright. Whenever I play my liked songs shuffled, after couple of my liked songs are played a little after you play song THAT I NEVER LIKED WHY PLAY THEM WHEN I HAVEN'T LIKED THEM. FIX THIS. Not only that every 10 minutes i get an add. Don't hmu with the bs of not bothering you with adds for 30 minutes. THANKS FOR DISABLING MY ACCOUNT AFTER I WROTE THIS, everything was fine before I rated this.",1,0,,negative,3
2022-03-04 16:49:24,It's a very nice app actually BUT the thing that is really annoying me so bad is that it's with Internet hopefully Spotify would fix this problem thank you,4,0,,negative,2
2022-05-03 21:21:56,- Pauses continually every 15 min - Will play in the background with no way of pausing unless the app is force stopped - Multiple prompts a day for Bluetooth access - Occasionally won't open through widget - More bugs continually occuring in the last 3 months,1,1,,negative,0
2022-04-26 23:31:34,"Literally the worst app ever made. No matter what you do. No matter what setting you engage, you cannot stop it from starting automatically when you hop in your car and it connects to Bluetooth. Nothing can stop it. It just kicks in and starts rocking. Let's say you were playing the song loud in your house and then you get in your car. It's going to come out blasting. Why is autoplay so hard to stop? I feel like they're programming team simply doesn't have the skills. I hate this app.",1,3,,negative,-1
2022-04-23 14:37:49,"I constantly have to re-download all my music. When I find something new to download, and I have a subscription, and phone has room, it always just spins and doesn't DL. I follow all the steps recommended and in the end I have to reinstall it, re download everything. F*$king pain in the a$$. If it didn't have such a large download limit, I'd have gone with YouTube instead. I miss Google music.",1,8,,negative,5
2022-04-18 15:36:24,"The app is great, I know - but the fact that u can't even play the complete song when you search it up without Spotify Premium just makes it basically unusable. You can only play playlist, that's all. Spotify pls fix this.",3,0,,negative,1
2022-02-01 17:04:52,"Usually I like Spotify and even use Premium, but lately, every time there is an update, the apl crashes as soon as I start playing a song, which really makes the app very useless. Mostly this issue is resolved after some time, but it keeps coming up. Without this problem, I would give Spotify at least 4 stars. Please fix it.",1,25,,negative,2
2022-03-25 18:27:18,This app sucks you can't even listen to the right music i wanted to listen to panic at the disco but i had to listwn to a whole differenet music before i could listen to panic at the disco youtube is way better also I have Spotify on my Playstation when it goes to an add break you have to sit through 4 different ads that could range from 30 seconds to 2 minutes and they are only about buy Spotify premium,1,1,,negative,-1
2022-03-20 20:30:21,The app will stop playing songs after 2 songs. I have to open my Spotify to restart it every time. It does get annoying. Maybe a good update will help?,3,1,,negative,-1
2022-03-13 06:44:07,"Usually great, but lately keeps shutting off mid song. Very annoying!!!",1,1,,negative,5
2022-03-04 02:35:25,I hate this app I heard it was great but I want to play a song but then it shuffles with other songs I don't even like then I try to skip the song but it won't allow me and it says I only get 6 skips per HOUR I would give 0.001 of a star but I only get to put 1 so good enough. PLEASE MAKE BETTER NOWWW!!!!,1,1,,negative,3
2022-04-11 22:56:31,"I love spotify, but the app is awful. It often just decides not to load pages at all, or lag out in other way. Recently, when I play a song, the sound plays but nothing in the UI changes (I.e. it doesn't display the song is playing, meaning I can't skip the song or change the shuffle setting etc.). Very infuriating that such a popular app could work so badly.",1,10,,negative,2
2022-05-27 21:57:45,"Download podcasts but they won't play without an internet connection. What's the point? You can't listen to them offline. Edit:won't even play a single podcast all they through, part way through always skips to another episode with you hing anything.",1,0,,negative,0
2022-02-22 15:29:04,"Used to love it! All of a sudden - after the last update I guess - my Spotify will not show up on my lock screen. No matter what setting I change, I've logged out, I've reinstalled, nothing works.. Other than that, I have no complaints but this really sucks",2,5,,negative,2
2022-02-23 06:20:01,the recent update was so problematic and laggy. it won't let me use the premium features bc it keep crashing whenever i'm about to buy my premium plan. said there was no network so i have to uninstalled and re-installed it again. pls help me to fix it. thanks.,3,3,,negative,4
2022-05-20 01:10:15,music keeps randomly playing on its own. the app will be completely closed and then suddenly opens by itself. cannot find a solution to this.,1,0,,negative,2
2022-06-13 20:24:55,Please fix the shuffle function - it's literally been broken for years. I have to uninstall and reinstall often. Please fix this basic function,3,0,,negative,3
2022-01-31 05:08:08,"One less star just for the lack of a clear queue button in the app.. I keep getting the same darn podcast that auto plays.. Glitch city. What is the point of downloading songs or episodes when the app just streams anyway. If I have a connection to the internet, the podcast I'm listening to keeps buffering. If I disconnect, then it runs fine. So glitchy",1,17,,negative,0
2022-04-19 21:34:01,Spotify changes my songs by itself. It's fustrating especially when I'm driving and there's not jack I can do about it.,1,0,,negative,2
2022-04-13 22:29:00,Please fix the play situation. It's not showing the medis controls on lock screens or even in Spotify app. The only way for me to stop the music is by completely closing the app.,1,1,,negative,2
2022-03-31 11:40:55,"Premium customer for nearly a decade but it seems a bit ridiculous to pay $10 a month for an app with such awful load times, ignored bugs (which are mentioned in nearly every 1 star review) and routine crashes. I feel like for everytime this app is rendered useless, we should receive a credit on our accounts or something. I literally paid $10 for an icon on my phone last month. Maybe a better development and security team is needed, who knows.",1,0,,negative,4
2022-07-08 22:23:23,"Rn I am unable to pause, skip & play music in my spotify playlist. I usually had that bar that allows you to pause, play & skip to the next song when you minimize the spotify app to have music play in the background but its not there anymore. If I play a song from my playlist the next song in that playlist does not play for some reason. Or if I want to pause a song that is playing I'd have to close the app entirely. I have this problem whether I use my earbuds or not. I've never had this problem",3,0,,negative,3
2022-01-25 16:12:55,It have too much add uf a person who can't buy the premium they force him to take spotify premium by their adds....this is not my review it's a problem of mine...😤😤😡😡😡,1,0,,negative,1
2022-04-02 01:17:06,The mobile experience is horrible without Premium. SoundCloud offers so much more for so much less. Not worth it.,1,0,,negative,4
2022-07-04 01:26:12,"The play bar keeps disappearing. Only restarting the phone fixes it, but then it disappears again. This problem has been known for 2 months and still not fixed",1,0,,negative,2
2022-03-19 22:16:24,"It really irritates me that my playlists keep getting removed from my homescreen and replaced by podcasts I accidentally clicked on. Now I permanently have 2 absolutely random podcasts on my homescreen in which I have 0 interests. I have to navigate so much through the app just to get to my playlist. Please fix this, I have no interest in the podcast side of spotify",2,8,,negative,-1
2022-03-28 09:23:36,ads were reduced earlier but they are significantly increased again... There are two ad after every 2 songs like how do you want us to use this app,1,1,,negative,1
2022-06-24 02:22:19,Love it but it's been laggy lately,4,0,,negative,-1
2022-06-02 05:55:31,Bad experience. Too many ads.,3,3,,negative,1
2022-05-01 14:48:00,Ads when you pay money for a service is totally unacceptable. Makes the service annoying to use and they have broken their podcast feature,1,0,,negative,1
2022-03-19 10:07:28,This app is trash. I only use it for Joe Rogan podcasts. I pay for it and it still keeps glitching and will randomly change episodes and i will have to start the episode from scratch when i come back to it because it dose not keep a record of where you left it,1,1,,negative,0
2022-04-14 19:31:34,"Since 8.7.20.1261 playbar goes missing, plays or stops randomly, plays multiple songs at once. Doesn't clear up after force close or reboots. Really annoyed since I actually pay for this app.",1,1,,negative,2
2022-04-23 02:18:23,It will not let me play my play list with out shuffling or adding song that are not in my play list so fix this please i have not had this promblem befor but other than that it is a good streaming platform,4,0,,negative,3
2022-04-21 19:53:50,I no longer have the option to preview songs.,1,0,,negative,5
2022-06-23 15:58:09,My only problem random song shuffled.i want to listen to unstoppable sound and it randomly shuffle the song to happier.other tan that it's op,5,0,,negative,3
2022-03-08 19:06:19,Logins me out randomly can not login with Facebook even to is connected to it can't reset password dam this is how they treat premium members,1,2,,negative,4
2022-04-19 05:07:36,Just the past couple weeks the app has been buggy as hell stop playing music doesn't play in the background please fix,1,0,,negative,0
2022-03-10 18:30:29,Something strange has happened. When I have unfollowed a podcast it still shows up in my following list and I get alerts for new episodes. This is a known bug and I followed the steps listed for solving this but to no avail.,2,2,,negative,0
2022-04-26 13:55:21,"It was very good until recently, now it's started to shut down on it's own after a couple of hours and the shuffle option in your playlists is not working properly.Also it gets interupted if you are using the app on your phone conected to another device( tv, speakers) I hope it is just an update/ maintenance glich and not a permanent thing.",4,0,,negative,-1
2022-02-07 03:44:50,The app has gone downhill along with Spotify in general. Buggy mess along with management.,1,0,,negative,-1
2022-05-22 14:18:57,I wish I could give it a negative 5 stars cause this app is really a big failure...u can't even use another app while ur listening to songs and it not cause of my phone cause the quality of my phone is high enough to display over other apps but it ain't,1,0,,negative,0
2022-07-06 23:45:08,Garbage. Crashes all the time. Downloaded music doesn't play without signal. I'm going back to SoundCloud,1,0,,negative,5
2022-02-19 13:38:45,Why do you guys praise playing 30 minutes of ad free music when after 1 or 2 songs I get an ad?? Seems like false advertising.,5,1,,negative,1
2022-01-24 21:07:26,"It plays random songs that aren't on my Playlist when I try to listen to songs on my Playlist, the 6 skips per hour thing is completely bogus, and it just about forces you to buy their premium, just to listen to the music you want to listen to.",1,3,,negative,3
2022-05-31 03:20:45,"I am using this app since very long time, but recently whenever I'm playing a song the app suddenly getting closed. Not able to play. Not sure why is this happening and other music apps are working fine. Am I the only one who's facing like that I hope this gets resolved soon .",1,0,,negative,0
2022-03-04 23:35:25,"Nothing ever works right, I have no play button right now, no control buttons at all still playing, can't shut it off. Podcasts just stop playing in the middle then reset the whole thing",1,1,,negative,0
2022-04-20 09:49:04,You broke it with the last update. GUI disappearing without reason. Rollback and try again,1,1,,negative,2
2022-03-12 15:55:07,"Pls release update, cant delete recently song or artist in search box, so annyoing bug",1,0,,negative,5
2022-05-15 20:40:01,Screw this app i mean its cool but when I go to my liked song and hit shuffle play then it picks a random music from home and turns it on and also i can only skip musics 6 times an hour please fix this spotify,1,0,,negative,3
2022-03-28 19:07:25,Annoyed. I am a student wanting to get premium and I find out I'm not eligible. My college somehow does not qualify. I find this ridiculous that I cannot get this. I can't afford £10 per month just for music but I can't increase my phone bill for extra data to listen to music without WiFi. Please fix this. As a student I'm really annoyed my college isn't eligible and I would like a way to get this discount.,2,0,,negative,4
2022-07-03 21:59:42,I hate this app like there is a couple times when the Wi-Fi is strong but then it's still having problems working like it has its times when it doesn't work the way it's supposed to meaning the music won't work or the music will glitch which is why I hate this app other than that it's a pretty bad app it even shows lyrics which is good if you want to learn the lyrics of the song. I really hate the ads especially after like 5 minutes it goes to having three ads and everytime please fix that.,2,25,,negative,1
2022-02-24 08:15:45,"Too often Spotify says ""No internet connection"" I have premium Tried: logging out and in. Updated app. All permissions are active. Downloaded plenty of songs, they won't play. I use mobile data and tried WiFi. I made sure my phone settings were all active for app data usage. Very frustrating",2,3,,negative,2
2022-04-06 12:35:14,I like it but the ads after every song is a bit annoying I'm not sure why yhey got rid of the half hour of uninterrupted listening they used to have but now I know about McCormick gourmet spices before and after listening. I mean the least they could do is have a variation on what adds are played every 3 minutes,3,0,,negative,1
2022-04-29 22:48:54,This was a very food app until i used it in the first but after sometime i couldnt listen to individual songs that was very vexing because i had to go through the whole playlist,2,0,,negative,-1
2022-04-16 22:26:41,"Been using this app for years, used to be amazing. Recently it began to stop displaying the player controls on my home screen and in the app, and it also stops playing content regardless of what it is at random. Used to be a 5/5, now it is borderline unuseable. Will update my review when these issues are resolved.",1,1,,negative,0
2022-03-15 17:01:11,"There are no prper playlists and many songs are also not available, very bad experience 😑not so happy with this app",1,1,,negative,-1
2022-06-19 04:55:54,You guys ruined Spotify. Its awful and not what it used to be. So sad to see another American freedom taken away. Time to go back to pandora.,1,0,,negative,1
2022-04-13 22:15:08,"Has not been working properly. Continues to disappear while running. The application is usually wonderful, but now I'm having problems using it day to day.",2,1,,negative,0
2022-05-14 15:33:27,"I'm sorry but spotify is starting to really make pointless changes to the app and isn't even giving an alternative choice for the consumer once they change the place of buttons, super annoying",1,0,,negative,-1
2022-04-20 09:58:50,I have to Uninstall and reinstall like ever other day because the play bar keeps disappearing.,2,1,,negative,2
2022-04-21 10:34:52,New update is terrible. I can't see the songs I'm playing!? So bad.,1,0,,negative,5
2022-01-30 17:42:51,"While I don't care about recent controversies, I cannot abide by Spotify cutting customer service for uncontroversial problems. The app is malfunctioning and I can't seem to get help.",1,2,,negative,1
2022-02-18 03:03:39,App is not showing what's currently playing or the media control buttons. This makes it difficult to actually use the app,1,0,,negative,0
2022-04-09 20:16:08,"App is a little heavy to use, a few handful songs are missing. Overall a good app",4,0,,negative,0
2022-04-14 11:33:59,"Spotify used to be so goated, and better than every app ever. Now with all this stupid premium stuff it just sucks",2,0,,negative,1
2022-05-13 11:13:57,"Super slow loading of phone app. And no, nothing's wrong with my connection, and nothing's wrong with my android. Every other app in my phone works perfectly fine, but it takes forever just to open library or searching some artists/songs. Things simply won't load, and it used to work fine too!",1,0,,negative,5
2022-04-21 16:23:42,"Terrible, absolutely terrible. I came from using YouTube music (which i loved and never had any issues) and every so often the app does this thing where it shows nothing is playing in the ""Now Playing"" section and when it does that, I can't skip, pause or anything with songs on my phone nor with my ear buds. In the last hour today, I've had to uninstall and reinstall the app twice to fix it. It is getting annoying and I'm about to cancel my premium subscription and go to Pandora or or something.",1,11,,negative,-1
2022-06-19 14:17:05,"Honestly it is a nice app but why is it always adding songs to my playlists this ""we added"" is so annoying idc what you added I only want to listen to my songs and not your stupid adds also it just autoplays these added songs althought I turned it off. If this won't go away I'll just switch back to youtube music/youtube because even youtube only have double ads and you have 3 ads in a row.",3,0,,negative,1
2022-04-15 06:47:30,Been paying for premium for months and months use Spotify daily but recently the apps been working poorly the play bar is hidden half the time forcing me to restart the app several times just to fix it and without the bar I cant pause skip or see what's playing FIX IT it's doing it on all my devices so I know it's not just this phone doing it,2,0,,negative,2
2022-05-03 19:13:40,"Why am I hearing ads when I paid for Premium? It is ultra annoying, especially when I chose Birdsongs to relax. It makes me so angry to hear ads. Stop it!",2,2,,negative,1
2022-06-15 22:31:54,"I don't like the 10.000 songs limit on a playlist, Apple Music is better at this because the playlists can be infinite (or as many as your phone/computer can hold)",1,0,,negative,3
2022-06-21 20:44:25,I just wanna listen to 1 song. It keeps taking me to Playlist of song that isn't what I search,1,0,,negative,3
2022-02-11 13:51:44,"Love this app, but I do not like that my playlist does not play randomly all the way through before repeating songs.",5,0,,negative,3
2022-07-03 23:05:51,Impossible to use liked songs will only play in shuffle controls are unbearable and the app is stuck on one song and will not let me play any others,1,0,,negative,3
2022-03-09 23:46:08,"Like the App, but I don't know why it cannot be paid by credit card, it's easier. I have to pay it using gopay, Dana or with phone credit. It is such a hassle, because I don't use gopay or Dana, and if I topup my phone credit the money always disappear, so I don't want to topup phone credit (I buy package).",2,3,,negative,4
2022-07-08 23:33:45,I really like this app. But it's been acting up lately,4,0,,negative,0
2022-02-11 15:28:16,"Not able to login ,every time says Something went wrong ,try again later",1,0,,negative,4
2022-02-05 14:27:43,"I've been a loyal paying customer for years, but spotify lost my $12 a month or whatever it is. First, your music player is trash now, crashes constantly on a phone with 12gb of ram. Second, the censorship and removal of podcast episodes is the straw that broke the camels back.",1,3,,negative,1
2022-03-23 10:45:29,As much as I enjoy spotify they really need to work on the shuffle I don't wana hear the same 30 songs in a 68 hr long playlist,3,1,,negative,3
2022-01-01 18:27:15,"Spotify won't load any albums or podcast episodes. I tried clearing cache and data, unonstalling and reinstalling but whenever I try to go into a artists page or podcast page it tries to load but doesn't loads anything. Completely useless. I'm basicly forces to not use Spotify since I can't listen to anything at all.",1,0,,negative,2
2022-05-07 05:29:40,A good choice for listening to music but has a ton of issues. From amount of ads to randomly crashing now. It seems the apps going downhill fast but it's still not bad in my opinion.,2,1,,negative,0
2022-03-19 09:09:32,Took away the one feature mobile had which was the ability to connect to a console WITHOUT needing the Premium subscription and It's since lost my interest,2,1,,negative,4
2022-04-12 23:50:04,"Ever since the last update, it has been very glitchy even when I've opened the app for a while. Does not display the music control via Bluetooth despite different audio systems. Unable to see the play/pause/control buttons on home screen. Please fix asap!",1,0,,negative,0
2022-04-11 03:05:04,Newest update has the player super glitchy. Im about to cancel my premium membership if it isnt fixed soon.,1,2,,negative,0
2022-06-07 19:19:31,I can't select what song to listen and only 6 skips per hour that's annoying please chang that,3,0,,negative,3
2022-03-07 21:13:11,Update. No way to stop spotify from aitomatically playing when my phone connects to a blue tooth device like my car. although I had to buy a subscription and I thought I was getting hulu with it. this app has almost everything Almost but spotify is the best music app to date.,3,25,,negative,2
2022-03-22 05:05:59,"Glitchy, I pay for premium and still get ads on podcasts",3,0,,negative,1
2022-04-21 13:11:18,"Worthless. I've heard more ads in the past 30 min than music. I thought we got 30 mins of ""uninterrupted music experience"" after a long ad?",1,0,,negative,1
2022-03-28 20:59:12,I really like this app it's my #1 music source but ... I dont like the fact that i can't put my music on replay sam song or skip or choose one song only to play... It just shuffles and sometimes i just want to hear on especific song in a playlist 😢 really want that to change,3,0,,negative,3
2022-04-21 12:22:30,"Surprisingly, one of the few apps that have gotten substantially worse over time: unstable, bugs and fewer options. After almost a decade of payed subscription, I'm contemplating of switching to Apple Music.",1,0,,negative,0
2022-05-12 13:16:05,"THE NEW UPDATE WAS HORRIBLE. I can no longer pick a song from my playlist, And the skips are now limited??? The new update is stupid.",1,0,,negative,5
2022-05-27 01:46:12,"I had given the app 5 stars, but I've brought it down to 3 because of the continuous crashes and the fact that hearted/downloaded songs sometimes glitch and the songs play for about 5 seconds then skips to the next. It's troll ngl. Please offer repairs because I really like the app and would not like to have to stop using it due to minor yet absolutely frustrating inconveniences.",3,3,,negative,-1
2022-01-04 19:38:24,Have this app for a long time but recently I am having some dumb issues. I will have the app randomly close out which it also brings other problems. Even when I open it back up it does not keep track of the time on a podcast. When I change podcast it says I'm still playing the one it crashed on. Had to uninstall Spotify and redownload it to fix it but it has done it again. SPOTIFY PLEASE FIX THIS BUG!!!!!,3,1,,negative,0
2022-04-13 19:27:44,"Awesome selection of songs and podcasts, I like the UI but it's by far the buggiest app I own. Been worse lately as well",2,0,,negative,0
2022-04-03 03:15:37,App was great until they put huge banners on every other podcast to learn about some disease.,3,0,,negative,0
2022-04-18 02:17:57,Too many bugs/glitches that just doesn't make the experience worthwhile,2,1,,negative,0
2022-02-14 14:27:21,Can't even play songs anymore. Searching songs will only give you relates songs but not the one you searched for. This app used to be good...,1,1,,negative,5
2022-05-06 18:43:06,They shuffle songs that can be offensive in wording without your consent. Other things are good but that is a conflict of interest. Sorry not sorry Spotify.,2,0,,negative,3
2022-04-25 16:08:24,"Please fix the video feed and sleep timer on the podcasts, as well as the crashing problem. The support functions in the app are unhelpful",2,0,,negative,0
2022-04-15 00:17:41,"Very buggy lately since last update, unable to choose on lock screen whether to go back or forward, app doesn't recognize that a song/ podcast is playing",1,1,,negative,0
2022-04-13 10:22:35,"I use Spotify every day but recently the app is frustrating. When listening, very often the app the UI doesn't show any music is playing so I have no way to pause, play or change song via the phone (android). There isn't even a bar on the lock screen. The shuffle functionality quite simple doesn't work as it should. When I shuffle my songs I get the same songs played to me, but also repeated. Maybe they're trying to be too smart and playing songs they know you like. Let me make that decision",2,140,,negative,2
2022-06-11 19:09:09,Used for many years and love it. However recently I can't play my downloaded music. At all.,3,0,,negative,5
2022-06-24 17:32:43,Too many ads on podcasts with Spotify premium.,3,4,,negative,1
2022-04-24 06:30:31,"This app is not good I try registerating three account but, it say 'samething went wrong' or 'this account is already registered' so when I put password it say 'this is incurrent password' even tho I have written somewhere before registerating I'm not satisfied with this app please do something. I thing I already made 4 account but still I can't enjoy this app features. Please please",1,0,,negative,4
2022-06-24 06:24:49,Too much aids.... And some old songs are not found,2,0,,negative,-1
2022-06-17 19:22:38,I am unable to login again !!!! Worst app i have ever used to login 🤬🤬,2,0,,negative,4
2022-05-21 07:56:04,I couldn't use my spotify premium price for student.it said i already take that offer and register but i can't use that voucher,3,2,,negative,4
2022-02-07 23:44:11,i love music and this app but the only thing i dont like is when a add comes on after a song because i was listening to music and my fav song was about come on but a add would come on so i give it 5 though.,5,0,,negative,-1
2022-02-05 20:48:08,"Has problems playing over Bluetooth, no one seems to have an answer as to why its happening, apparently all user from all devices have the problem, and its not being addressed. Reinstalled, unpaired, updated OS, NOTHING seems to work. Tired of wasting my time!",1,4,,negative,0
2022-05-16 11:40:10,The extra song feature is the worst feature ever period,2,0,,negative,-1
2022-04-21 15:52:03,"Same problem as everyone else. Cutting out, won't switch off, no play bar. Needs to sorted and quickly. Cheaper apps available.",1,0,,negative,2
2022-03-24 10:06:19,If a song playing..... Suddenly comes with ads...it time taken to 1mint 30 seconds.....hate it....,1,0,,negative,1
2022-01-10 14:35:59,"It worked great for the last 2 months then all of a sudden I wasn't able to control the music from my lock screen anymore, only the notification bar or the app itself and I can't seem to get it to go back to ""normal"" after 3 reinstalls and a Google search.",3,5,,negative,0
2022-05-02 18:09:53,"This app crashes several times a day and when an ad plays during a podcast it resets it back to the beginning.. honestly not sure what's happened to the developers of this app, have they been replaced by toddler's? Update after a year: still very very bad, none of the the problems stated here have been resolved.",1,1,,negative,0
2022-03-18 09:46:23,"Can anybody relate? I also pay for no ads and such. I'm feeling like there are some bugs, my next songs up aren't what they should be, like in an album, it skips the next song, or on an artists ""radio"" it plays what I click on but the next song is something completely out of the ""radio"" Playlist. Just kind of annoying. Been happening about a week or 2.",4,3,,negative,-1
2022-04-24 18:55:08,"Album artwork not showing on Galaxy watch, only when app is uninstalled. Very strange",1,0,,negative,-1
2022-06-13 13:56:34,Quality is low on your platform as compared to others like Jio Saavn and Amazon music. Songs sounds like someone as choked the output.,1,0,,negative,1
2022-01-31 13:24:30,"Former Premium subscriber. Canceled account in solidarity with Neil Young, Joni Mitchell and other artists who believe that Spotify should serve music fans, not pander to an obnoxious and dangerous lunatic fringe. As a music fan, I feel betrayed by Spotify. As for the app, what can I say? It's a platform for anti-science right wing propaganda. That's a deal breaker.",1,4,,negative,1
2022-02-22 08:46:35,"NO INTERNET CONNECTION ISSUE I haven't been able to connect to my Spotify account for the past 1 week because it keeps telling me that there's no internet. Fix this pls else we switch to Audiomack, there are less issues there.",1,0,,negative,2
2022-04-01 15:14:40,"okay so like I always have premium but without it the adds are soo long, most times I get a total 5 advertisements in one ad. idk if this is a bug or anything but it's just..yeah no.",2,0,,negative,1
2022-06-23 10:32:24,Too many advertisements,1,0,,negative,1
2022-06-06 21:14:04,Great but sometimes my downloaded music cannot play. I hove to connect to the internet to listen sometimes,5,0,,negative,5
2022-04-20 06:33:51,Why can't I pause or stop a song from playing? This is ridiculous. I literally have to restart my phone to get the songs to stop playing. FIX THIS!!!!,1,1,,negative,-1
2022-04-20 06:34:55,"Issues with pause and skip buttons disappearing in the tool bar, constant having to restart the app. Not worth the price I'm paying, have cancelled for now until sorted.",2,1,,negative,-1
2022-05-25 14:58:54,The app is great millions of songs for free at ur finger tips but the thing is its kinda heavy for old and below budget phone like on my galaxy note 2 it lags a lot and sometimes even freez and crash u should really consider making a lite version pllssss,4,0,,negative,-1
2022-03-12 02:48:21,I liked it until the new update and now the song only plays for a few seconds 😡 I don't like the update. On this,4,2,,negative,5
2022-07-04 13:52:14,All of a sudden it will no longer connects via bluetooth in any car. I have tried other apps as well as phone's and it appears to only be spotify that doesn't play.,1,0,,negative,2
2022-04-12 19:19:34,Stops playing by itself. Control disappears. Glitchy. Please fix today.,1,0,,negative,0
2022-01-22 17:43:50,Upgraded to premium duo and could get the app to work correctly. Then it logged me into the account using my email but my wife's username. Every time I log out it pops up showing me logged in as her. Cannot get human help. Fckd up!,1,0,,negative,4
2022-03-06 01:21:06,"With this update, Spotify got pretty buggy, whenever I'm using offline mode, some songs aren't downloaded, please fix this because it's pretty annoying",1,1,,negative,2
2022-05-10 14:40:09,"Premium user for years. It's difficult to report issues / find support outside of very basic user issues using their website. Podcast feature was a nice add but the Your Episodes Playlist is limited and messes with downloaded episodes unnecessarily. Recently there's been issues with the queue not working properly. I will rearrange in the queue and by the end of a song/episode, it will clear. Debating if it's worth paying for premium or if I should start researching other services to replace it.",3,16,,negative,-1
2022-05-11 08:06:15,This app is fine when i play it then i cant listen to the song that i WANTED i have to buy the premium. (I WONT PAY),2,0,,negative,4
2022-02-10 10:21:29,"Plays podcasts completely out of order, changing the order and trying to play again doesn't change the order of the playlist. At the end of every episode it plays the previous instead of the next, I have to manually select everytine, very frustrating experience.",1,2,,negative,3
2022-04-14 16:51:46,Been buggy af lately.. not showing current song playing.. randomly closing.. trouble loading stuff etc.. and ANDROID STILL DOESNT HAVE SWIPE TO ADD TO QUEUE that's messed up.,3,1,,negative,0
2022-07-07 02:26:31,We couldn't even download any music for free,1,0,,negative,4
2022-07-08 23:00:55,Apple music is worse. But better.,1,0,,negative,-1
2022-03-08 18:23:42,Tried 3 credit cards and 2 debit cards. Payment fails evryr damn time. Not sure how you guys make money with these kinda of experiences. Very poor payment experience. Worst log in experience as well.,1,0,,negative,4
2022-04-30 02:21:44,Wide variety of music. Almost every artist is on here. My only problem is the amount of ads. If you don't have premium you could receive up around 7 ads at a time. Maybe it change I don't know because it got so bad I had to get premium.,4,1,,negative,1
2022-05-27 16:36:01,This is how it goes when you go to play Spotify alright I want to listen to this playlist after 15 minutes of ads I rather go to SoundCloud or YouTube,1,1,,negative,1
2022-05-22 16:16:53,"When you start a song sometimes it will skip that song after a few seconds Other times it will randomly play songs I've never heard before when I'm listening from my own playlist Additionally downloaded songs wont play without internet half the time, which defeats the purpose",3,0,,negative,3
2022-06-23 15:36:41,I can't even loop my favorite song and others bro put it on premium for no reason bro 🙄 sh*itty app,2,0,,negative,4
2022-05-24 09:49:44,the playback fails when you hit the 15 sec back button. it does not work especially hitting it repeatedly to go back a few minutes. Its quite irritating when podcast listening and driving.,4,2,,negative,0
2022-04-17 05:11:59,Hasn't worked properly with my car over Bluetooth for a few months now. Track metadata does not change after first track. Only solution was to install an old version. Loads of similar stories around but no solution. Useless,2,0,,negative,2
2022-06-13 22:36:24,Too many bugs and glitches. If you force me to use your app by monopolizing my favorite podcasts than at least have your app work correctly.,1,2,,negative,0
2022-04-23 20:05:34,Too money hungry and limiting. Just tryna listen to the liked music.,1,0,,negative,-1
2022-06-21 15:19:17,Used to be five stars. That was before the music that I'm listening to would skip or pause completely. After the recent update the music have been playing weirdly. Hopefully spotify sees this and corrects the app so the music will stop skipping/pausing while playing. Spotify needs to hurry up and fix this song skipping issue,5,0,,negative,-1
2022-03-26 14:34:24,"This app is great, except when I get 4 ads, CONSECUTIVE, for music that I hate. Spotify, quit recommending me god awful works of ""art"" that is pop and rap music.",2,0,,negative,1
2022-01-31 17:00:38,"Wrong decision Spotify, adding ccp 19 spying. If I could give Zero Stars, I would. Bye!",1,0,,negative,1
2022-04-13 22:08:50,The only thing wrong is when am trying to play the music I want to play specifically it sends me to a different one.,3,1,,negative,5
2022-02-02 04:33:14,"Nah cause I once got 6 ads in a row. Not cool Spotify. I understand 1 or 2 ads, but 6??? 3 is most common amount of ads now. Not worth it. I get you wanna make money n stuff but calm down with the ads.",1,6,,negative,1
2022-03-08 18:33:09,I was listening to music and the music just stopped. I got logged out for no reason and it won't log me back in... What am I paying for?,1,0,,negative,4
2022-04-20 05:04:48,"Cancelling my subscription. I've been experiencing too many issues and been quite about it for too long. I have no idea what is going on now. Music just randomly stops and starts. Oh and the absolute worst! The Now Playing interface doesn't pull up when I start playing a song, so I can't skip replay or pause a track!",1,100,,negative,-1
2022-05-13 12:40:53,"Htt Teri maa ki ,,,,jio users don't download it's doesn't work properly on jio sim",1,0,,negative,4
2022-04-15 01:09:26,My app stops playing intermittently and some times the buttons play/pause skip/reverse aren't available to press.,2,0,,negative,0
2022-06-30 14:54:12,"Adds are too much, would have subscribed the premium version but they charge too much.. at least lesser the adds",2,0,,negative,-1
2022-01-31 10:02:09,"In general the app is ok but some frustrating features: I don't want to see podcasts, ever (seriously, get rid or I'm going to start looking for alternative providers), or Christmas song recommendations permanently top of my home screen in February. Also, just get rid of anti-vax contributors.",2,3,,negative,0
2022-05-10 11:55:26,"It was good the first month, but now why I can't play those music in my library?Just a short song",1,0,,negative,-1
2022-05-25 17:27:37,"option to sort/group liked songs by genre, not appearing, tried everything the support executive told. Need sharing option for liked songs list too.",3,0,,negative,3
2022-01-26 02:41:49,"Why is this latest update crashing? Especially when searched for a song or an artist... Please, fix ASAP",5,3,,negative,5
2022-04-22 16:53:35,The only problem I got at the moment is the lyrics Others see the lyrics of songs but I don't Any suggestions apart from I need to update the Spotify app which I have done Help ASAP,5,1,,negative,2
2022-03-07 15:59:27,Why have you removed the alphabet wise scrolling feature for liked songs. It makes finding music you want to listen to kinda difficult,2,0,,negative,3
2022-04-01 01:37:01,Ads coming after every song so it irritates a lot sorry,3,0,,negative,1
2022-04-18 20:39:22,Of course its good but the way it takes over my cars bluetooth and wont let go no matter what you do is a HUGE issue. Why does it auto play every time? Just make it stop. Horrible horrible issue.,2,0,,negative,-1
2022-04-29 19:37:23,*update* after transferring to my SD card....today (2 days after) Spotify is in the process of transferring all downloads back to internal storage even though my SD card has more available space!!! Fix this issue Storage on SD card When will you fix the issue with transferring data to SD cards? Every single time I transfer storage to my SD card the app crashes. It's been like this for years now. Fix this dang issue,1,16,,negative,2
2022-04-23 08:53:13,"After buying premium, still some songs are unplayable.",1,1,,negative,4
2022-06-19 09:43:07,"Spotify pls help me!!! I logged out of my acc so when I tried to log in again I realised that I forgot my password, after trying I clicked join without psw and since I wasn't getting any link to my email I kept or redoing it, now it says ""too many attempt try again later"" what shud I do?!! How shud I reset it?! Spotify pls tell me what I shud do",4,0,,negative,4
2022-04-13 13:33:46,No play bar. Can't stop music. What's going on? I have to restart my phone every time.,2,1,,negative,2
2022-04-25 19:54:01,"So buggy on Android! Mostly during podcasts, it may sometimes dissapear on the notifications bar, so not allow me to control it. Will forget where the episode is and start from the beginning for no reason, will stop mid episode for a few seconds randomly. I've had to force stop, or close and reopen the app so many times to reset it, it's unreal. I'm on a Galaxy S20 on the latest Android 12, but this has been happening on previous versions too.Also, please time your ads better during a podcast",3,7,,negative,0
2022-04-15 09:07:02,"I use this app all the time and overall I'd recommend, but it's a bit buggy of late, seemingly after every android update. Pausing during tracks like it's buffering, control buttons disappearing, refusing to pause or shut down. Reinstall of the app usually fixes it, but no one wants to be doing that every time and all tracks are forgotten when you do",3,5,,negative,0
2022-02-16 20:40:23,Bloody app keeps on cutting of whilst listening to a song. I updated it with the hope that it's just a bug. Still gives me the same problem. My subscription is going to waste.,2,0,,negative,-1
2022-02-24 19:00:54,it only lets me shuffle without choosing the exact song i want which isnt helpful at all when i want to hear a specific song,1,0,,negative,3
2022-04-23 17:41:36,"It needs to work better! The numbers, the stats aren't right. The app just doesn't work.",1,0,,negative,0
2022-01-26 05:39:32,Spotify will start playing automatically when bluetooth devices are connected. Nothing has been done about this despite going on for years now. Managing podcasts is terrible. The user experience is awful and it's getting worse the more podcasts are exclusive so there are more pods to manage.,1,4,,negative,2
2022-05-03 09:02:33,Such a big surprise that it does not support lyrics! Too bad.,2,0,,negative,5
2022-06-30 21:48:28,Okay Spotify if its free thin you guys need to stick to that no b.s with limited skips really in my opinion Spotify needs to be pulled off the app store just because of how messed up Spotify is it plays songs I have no interest in and the add wall is so bad I only use it for my xbox,1,0,,negative,1
2022-04-10 19:21:44,"Use to be ok, Listen to 30 sec comercial and get 30 mins of uninterupted music. Now it sucks, listen to one or two songs and then hear two mins of commercials. This only started during covid pandemic and now all they do is beg for people to pay for premium spotify to stop ads. Im almost ready to delete this app totaly. Dont download this app, youll hate it.",1,0,,negative,1
2022-05-28 21:55:29,Errors when loading the miniature album cover. Please fix this,4,0,,negative,-1
2022-04-26 03:11:08,"The glitches are getting really annoying. Like, I'm going to switch to Apple music, annoying.",2,0,,negative,0
2022-03-23 16:49:51,"Used to be a good app but now songs don't load for no reason and say I'm offline, my songs don't show up in my Playlists and the app is crazy buggy. Quit overupdating the app before properly testing for bugs.",1,0,,negative,5
2022-06-23 11:51:38,I love this app but every time there is ad why and once I think to take spotify premium but then there are so many ad i will not take premium please solve this problem every one song there is ad...,4,0,,negative,1
2022-05-05 11:07:54,"What has happened with Spotify??? If you opt to shuffle a playlist it always plays in the same order. I have a 5+ hour playlist I have created and if you play for more than 2 hours it starts repeating songs in between, the other day I heard 2 songs 3 times in a 2 hour period",2,0,,negative,3
2022-02-22 09:29:33,It's getting really annoying how the shuffle button on my playlist doesn't actually play the songs in it. Can you fix this 😞,1,0,,negative,3
2022-04-25 13:10:44,It has become bad after updating it doesn't let me skip and it doesn't play full songs from like i have to search it and play it.,1,0,,negative,5
2022-04-20 08:44:20,"I keep losing the currently playing bar at the bottom of the screen so I can not adjust the existing playlist. I have to completely close the app, relaunch and then it appears 😭",2,1,,negative,2
2022-07-05 02:05:36,The app it's self isn't that bad great selection of music but the algorithm for Shuffle is horrible.,3,0,,negative,3
2022-03-12 02:59:30,Cannot pay for premium for a month now. Was working well before. Any digital wallets are showing error.,1,1,,negative,4
2022-04-13 09:21:07,I have paid for the premium version since 2016. Since then the quality of this app has gone down hill. The older it gets the worse it is. I have had my account hacked twice (2019 and 2020) and to top that off this app can't seem to play 5 songs in a row with out having issues. Part of the reason I pay for the {lack of} service is for the offline feature as I use an old phone attacked to a radio for work music but even though I pay for the offline features they do not work 99.9% if the time.,1,16,,negative,4
2022-05-31 19:05:54,The app is trash. It was getting on my nerves. I wanted to play a song and i clicked on it like a 100 times and tried to play it but it kept on playing some other song due to its own suggestion and shuffle feature. I uninstalled it.,1,0,,negative,-1
2022-03-08 18:33:09,I was playing a song and it literally just logged me out. I can't even get back into my account.,3,0,,negative,4
2022-05-11 17:08:09,Unable to see playback controls or playlist. Does not find Chromecast unlike other apps.,1,3,,negative,0
2022-06-28 15:09:54,"Ads are too many, too often, and too long. Very annoying and you can't fast forward thru the commercials.",3,0,,negative,1
2022-05-05 01:17:15,Why did you remove the option to preview a song before adding to Playlist. Also when playing with shuffle turned on it always plays the same songs over and over. I never hear any of the newly added and yes I'm a premium user.,3,4,,negative,3
2022-02-20 04:18:57,"It's ok I just hate when I want to listen to my favorite songs they play suggested songs instead, it gets on my nerves",3,1,,negative,3
2022-04-19 18:33:20,Songs stop playing. The pop up in app showing what song is playing does not show and music randomly stops. Restarting app fixes it only temporarily. Recent update didnt fix.,1,0,,negative,-1
2022-06-19 10:47:51,"Today, one of my family members on premium family which was already in use, stopped working. Whe i logged in, that family member was gone from the list of members. Now i cant add any new mebers either. The link does not work. Also, i cannot log a support request, there are only pre-defined problems listed, which does not have my problem listed. I cannot get my problem resolved, so i will cancel my subscription tomorrow.",1,0,,negative,4
2022-01-11 18:13:17,"Im having a problem... when i try to open mp3 files stored on my phone spotify opens instead of the file, ive tried every way i could find on the faqs and support pages",3,1,,negative,2
2022-05-26 22:26:13,"Been using for months but needs update. Glitching, not restarting shows just issues overall. Still use for 6-8hrs daily but as a premium member paying $12.99/month plus tax they need to do better.",3,0,,negative,-1
2022-07-08 13:43:51,"I'm giving this two stars for no other reason that Spotify intentionally screws over desktop users by denying them important features which are ONLY on the app. Why can't I block artists on desktop? Why force me to use the app? I'd use it anyway, but making me HAVE to is just kinda butts.",2,0,,negative,-1
2022-04-25 08:31:06,This is the worst I was trying to play my favorite song and it didn't let me that's why I rate it a one out of 5 I hope you get rid of this update and put it back to the normal. much prefer for when this update was not out,1,0,,negative,5
2022-06-15 22:12:59,I pay for premium and have downloaded so many songs yet when my data or WiFi is off I cannot play them!!!! It's extremely frustrating when I was on my flight today and can't play music!!!!!,1,0,,negative,4
2022-07-05 04:45:33,"Getting worse by every update so laggy and even tho i have premium i cant listen music when i dont connected to internet, my whole library wont update and be useable without internet even when i opened offline mode",1,1,,negative,5
2022-03-24 03:38:25,"Shuffle, repeat and view queue is unavailable. It's kinda disappointing when you want/need to use these.",2,11,,negative,3
2022-04-15 17:17:18,I don't know I'm perhaps I don't listen to your app enough but seems like everytime I want to listen to some music it's always turn to something I'm not interested in now I don't know what it goes and I haven't decided whether I should put up the money for everybody to quit pestering us with ads all the time I mean I know it's important but you know every other song?,3,0,,negative,1
2022-07-01 06:28:07,"It's gotten so bad recently. The ads are so much louder than the music. After hearing a mellow song and being blasted at double the volume an ad really sucks. Now the app also strated to just stop playing and needs to be force shut down, most of the time it seems to get stuck at playing an ad, even though my internet connection is good.",1,30,,negative,1
2022-07-03 07:10:19,"Great, but I was hoping to be able to change podcasts while driving, but that seems dangerous.",4,0,,negative,0
2022-06-14 13:56:40,"Hello, why spotify alwasy automatic playing while i am open the apps? I was find setting to turn off ,but there is not an option for that. I am using samsung galaxy S21 and also S22 in the same case. Please fix it or just garbage for a while if not fix!",1,0,,negative,2
2022-06-30 13:31:44,Hey the ads really sucks man i cant afford premium so dont i have right to get good music expwrience i am not asking you to make spotify ads free but the service is really bad i am listening a song then an ad then another song then again ad🥵😭😡,1,0,,negative,1
2022-06-09 05:03:11,App is horrible! ! It is so hard to use and understand how to use. When you try to play a song it plays a different song and you can't even play you play list without premium and if you can how?! I can not figure out this app. Please make it easier and make it so you CAN play the song you want,2,0,,negative,-1
2022-05-16 03:54:08,Wayyyyyyyy too many ads besides the amount of ads it is great and I am unable to make a premium account.,2,3,,negative,1
2022-06-07 12:00:03,"Don't know what happened with this app. Used to work fine. Now it constantly uses mobile data even if it's turned off in settings. Sometimes play lists (song radios) are being modified every 3 songs (download whole playlisty, play 3 songs, playlist is modified, requiring 60% of songs to be downloaded to play)",2,0,,negative,-1
2022-04-21 14:51:35,"Never had problems like I've had for the last 3 months, it lags stops playing shuts down the app, freezes. An now on my new phone 4 days old, I will be playing music an pull down the top bar an it may or may not have a direct link to Spotify showing but it's gonna say the music is paused an the album pic that will be showing is from the last song that I searched an played. Click on this an it may or may not connect you to Spotify. Man 7~8 months ago when I first started using the app",1,5,,negative,2
2022-05-09 18:46:18,"Connections issues, episodes start over with ad injections, or just end. Inconstant, battery drains, I've turned off auto downloading, it still tries on cellular and kills my battery, ads are very intrusive and stop the app.",1,0,,negative,-1
2022-04-16 09:52:43,"Bloody hell! First I can't get rid of the bar that shows me what is playing, even when nothing is playing. Now I can't turn off Spotify unless I restart my phone! What the hell are you people doing? I thought this would be rectified pretty quickly. I thought wrong! If things work leave them alone!! I have been enjoying the app for a couple of years without a problem until this happened. Can you fix it? Do you have the decency to reply? Is there anybody there? Customer service stinks💩",1,6,,negative,2
2022-05-29 08:00:14,"Your app is crashing whenever i play music on my vivo v21e. It never happened before, just right after i updated the app. My device has the latest updates. My other phone with spotify in it doesnt have any issue.",2,0,,negative,2
2022-02-08 14:52:50,"Until you remove Joe Rogan, we are never ever using Spotify again. Bad and irrelevant song choices fior me, disruptive adverts, slow to use, and of course osod a huge amount to Joe Rogan - a racist, untruthful and hurtful person they nake money off his distasteful and abusive podcast. Strongly suggest you don't use this service. Anyway, musicians are pulling out because of this, so their selection is becoming smaller. Goodbye Spotify.",1,2,,negative,1
2022-04-28 19:28:20,"very stupid UI for the phone version, It will only 'shuffle' the songs and will play random songs in this 'shuffle' first time using the app, had no problems on PC. I guess just take your PC with you to the train to listen to music with this.",1,0,,negative,3
2022-06-23 17:06:45,Stupid adds after every single song now. Forget this useless app.,1,0,,negative,-1
2022-03-29 23:59:51,"Horrible, I want to listen to a song, so I click play, and It plays a whole different song, thats not even made by the artist, and its just a random song that it plays, even know I click play on a specific song, just stick to listening songs on Youtube I guess",1,2,,negative,3
2022-04-27 21:39:03,Someone better fix Spotify 😤 constantly pausing. Doesn't display info.,1,1,,negative,2
2022-05-30 15:22:37,Every good music feels bad music if you don't put loseless music on spotify. Btw music catalog is excellent but quality is bad .,1,2,,negative,1
2022-03-11 08:35:43,"Some of my saved songs don't play in my playlist anymore. It worked fine the other day, now it doesn't work. I'm really sad because the songs that doesn't work are my favorite songs. Please fix this ☹️",5,5,,negative,-1
2022-02-01 23:14:45,Allowing false information to flourish is sad and not worth supporting. Deleting App. Shame it has got to go.,1,0,,negative,0
2022-04-13 17:53:59,"Worked great up until a month or so ago when songs or podcasts started randomly stopping. Also my pause/play buttons don't always show and I have to force quit the app to get it to respond properly. Makes the app nearly impossible to use, and I am a heavy user. I've deleted & re-download the app to and fix it, which did the trick for half a day. Will change my rating to 5/5 when this is fixed.",1,12,,negative,0
2022-03-26 06:04:57,I hate the fact it only does six songs but even worse it can take more than the hour to reset. Sometimes it doesn't reset at all. There are way more ads and it is increasing and ridiculously long.,2,0,,negative,1
2022-05-23 04:05:18,It keep adding random songs to my playlist,1,0,,negative,3
2022-04-14 12:10:24,I can't search any song when I click on it closes the app and I can't change songs language that which language's song I want please fix this problem,3,0,,negative,5
2022-02-10 05:32:34,"I was having a great time with the app until they made CHOOSING the song you want to play a ""PREMIUM FEATURE"" and now this app has become practactly USELESS without this feature being free. I don't even know WHY they did this but now I have to spend MONEY on a previously FREE feature! Developers PLEASE make CHOOSING the song you want to play a FREE feature LIKE BEFORE! PLEASE!!! If you do this ONE THING I will change my review to a 5 stare LIKE BEFORE!",1,6,,negative,4
2022-04-20 03:16:33,Haven't used in 6 months. LOTS of bugs that need fixed!,3,0,,negative,0
2022-04-28 17:48:38,Not bad...but...I had some problem with this app,4,0,,negative,0
2022-07-06 14:22:19,This app gets really annoying when I try open it it never actually opens properly and it takes me an hour just to open it don't recommend,1,3,,negative,0
2022-06-09 08:05:23,edit:trial ended.Make a play list then it gets filled with bs and then limit 6 skips per hour very strange .Good for podcasts though,3,0,,negative,3
2022-04-30 14:15:49,"I can't go premium. It says unable to connect and I need to check my connection. But, my connection was so okay. I even used it for meeting.",2,0,,negative,4
2022-05-20 23:07:57,I like Spotify but I don't like that when you make you're playlist it's doesn't let you play the song you want and before you could I want it how it was before ngl it was better,1,0,,negative,1
2022-03-08 18:34:57,I just bought premium access and got logged out :/ can't log in and no support from customer care.,1,3,,negative,4
2022-05-23 15:57:26,"who thought that shifting all the playing controls to the left was a good idea? it's not. it's terrible. it hurts my hands and my eyes, but my soul the most.",2,0,,negative,0
2022-04-19 15:41:24,"Terrible, why am i payin for premium and i can't download ANY playlist",1,0,,negative,4
2022-06-16 17:13:54,The app freezes a lot. Overall since paying for the family plan it feels like and the audio continously cuts out when answering phone calls. Tech support takes forever to answer and gives you simple fixes or work arounds that either don't work or you've already tried even if you told them it doesn't work. I'd gladly pay more to switch to a better music app. The algorithm only plays about50 or so songs even if you have 2k liked songs you'll never hear most of them without specifically searching,2,7,,negative,-1
2022-04-11 15:04:54,"Not having a very well thought out options bar, having an easier way of searching for any of your songs within your downloaded music.. without seeing the online results or anything but songs or artists. Also the fact you cant remove a song from a playlist when you're on the main pop up menu of a currently playing song. Instead I have to literally scroll down my entire playlist to select remove from playlist!??? I enjoy having a streaming platform like spotify. But changes need to happen.",2,27,,negative,3
2022-04-26 23:51:21,I finally downloaded the app and it won't work. It just constantly says that I'm offline. I'll just stick with Amazon and pandora. At least I can listen to music there.,1,0,,negative,5
2022-06-18 03:10:47,"Try to sign up but it say my email already connected to another account. But, I cant even ""log in without password"" or reset the password, alway crash.",1,0,,negative,4
2022-01-18 16:18:34,It has so much bugs nowadays that it shows No Internet even if the connection is there. And I couldn't access songs that I have saved and liked. I couldn't listen to music on this platform so Time to switch the music app!,1,1,,negative,5
2022-01-04 04:15:07,"The app lies. I tried listening to an ad to get 30 minutes ad free, and got an ad 4 minutes later. Update: Now it doesn't do the 30 minutes ad free at all. This app is such a pain to listen to music.",1,1,"Hey there. Just to check, did you keep the video ad in focus by not navigating to other browsers or apps? If so, we'd suggest reaching out to Customer Service so they could look into this. You can get in touch with them by searching for ""Contact us"" at support.spotify.com. They'll help you out from there.",negative,1
2022-04-20 13:18:49,Randomly turns on or off. Lately it's been playing music but not giving me a bar to be able to pause or skip in the app or out so I have to close it out to stop it and go back to the app eveytime I need to change songs,1,0,,negative,2
2022-05-25 13:50:09,"Premium user for years. I'm so tired of losing the music controls! I have to restart the app and clear the cache to regain control! This is ridiculous. Seriously, if it weren't for the podcasts, I'd have cancelled a long time ago! Do better Spotify!",1,3,,negative,-1
2022-04-20 14:34:09,App keeps crashing whole screen goes black all i can do is close it and re open it but its still a huge inconvinience when i pay for uniterupted music 🤦🏼,3,1,,negative,-1
2022-05-24 18:50:00,There is no option to change lyrics language 🤬🤬🤬🤬,1,0,,negative,5
2022-07-05 20:57:34,"Constantly stopping, regularly not showing playback options and offline mode is spotty at best.",2,0,,negative,0
2022-03-01 13:28:52,I thought Spotify is free but it's not. Why should anyone pay for songs while they can listen to them for free on YouTube! Really disappointing 😑,1,0,,negative,1
2022-05-04 17:21:50,"Every single update manages to somehow break something that is essential to the functioning of the app. I have been using Spotify for years, and the app has NEVER not been broken.",1,11,"Hey, we're sorry to hear that. Have you tried a quick reinstall? If that doesn’t make any difference, we’d recommend reaching out to Customer Service at support.spotify.com. Just search “Contact Us”, and they’ll be happy to help.",negative,2
2022-01-24 02:16:37,Terrible! It keeps playing other music that i dont want and i dont know,1,1,,negative,5
2022-06-28 15:09:25,"awful app. if you need to buy premium just to play the songs you want, might aswell put Spotify not for free. because i cant even listen to the songs i want to listen and could only skip 6 songs an hour.",1,0,,negative,1
2022-01-18 02:13:19,"Garbage app. It will literally skip songs/ podcast randomly. Crashes randomly. It will spontaneously open and start playing, even after closing app. Very frustrating to use!",1,1,,negative,0
